name,framework,backend,batch_size,num_prompt_tokens,num_warmup_iterations,num_iterations,prompt_tps,generation_tps,peak_memory_gb
GemmaBenchmark(gemma-3-4b-it),torch,mps,1,21,,,413.60315548070577,20.84114416473716,4263.62060546875
GemmaBenchmark(gemma-3-4b-it),torch,mps,1,34,,,632.1800693300488,20.219861923157637,4270.447998046875
GemmaBenchmark(gemma-3-4b-it),mlx,metal,1,21,,,498.34803249124906,104.50394093235482,2.6418189270999997
GemmaBenchmark(gemma-3-4b-it),mlx,metal,1,34,,,764.5463516853697,104.76930030167591,2.6657780620000002
