name,framework,backend,batch_size,dtype,num_prompt_tokens,num_generated_tokens,prompt_tps,prompt_time_sec,generation_tps,generation_time_sec,peak_memory_gib
Deepseek-R1-Distill-7B,mlx,metal,1,int4,4096,100.0,482.5235892017617,8.488704666669946,51.59211564057055,1.9396432780001003,5.719878691999999
Deepseek-R1-Distill-7B,mlx,metal,1,int4,1024,100.0,475.50191752391726,2.1535139860158474,56.555238899875235,1.7681841946517427,5.322459188
Deepseek-R1-Distill-7B,mlx,metal,1,int4,256,100.0,467.61696651465104,0.5474566530125836,57.85173299655364,1.7285576530072528,4.70877398
Deepseek-R1-Distill-7B,mlx,metal,1,int4,64,100.0,405.27818989326624,0.15804043066843101,58.28067960005069,1.7158360693332118,4.434767272
Deepseek-R1-Distill-7B,lmstudio,metal+llama.cpp,1,int4,4096,100.0,417.1019761513231,9.765,29.502336688202288,3.38956228956229,9.556411743164062
Deepseek-R1-Distill-7B,lmstudio,metal+llama.cpp,1,int4,1024,100.0,441.2949035131035,2.268333333333333,39.98385796049606,2.501010101010101,9.561945597330729
Deepseek-R1-Distill-7B,lmstudio,metal+llama.cpp,1,int4,256,100.0,407.15259347491855,0.5723333333333332,43.522884783174796,2.297643097643098,9.563023885091146
Deepseek-R1-Distill-7B,lmstudio,metal+llama.cpp,1,int4,64,100.0,263.3857182244279,0.15566666666666665,44.427861254861206,2.250841750841751,9.563105265299479
