name,framework,backend,batch_size,dtype,num_prompt_tokens,num_generated_tokens,prompt_tps,prompt_time_sec,generation_tps,generation_time_sec
gemma-3-12b-it-qat,mlx,metal,1,int4,4910.0,100.0,279.8359368032771,17.54599911700352,30.221305168678146,3.3089268084062495
gemma-3-12b-it-qat,mlx,metal,1,int4,2410.0,100.0,284.62233641290413,8.467360866599483,31.009876781037406,3.224779250001302
gemma-3-12b-it-qat,mlx,metal,1,int4,410.0,100.0,268.671448915584,1.5260274752072291,32.17314256052709,3.108183074995759
gemma-3-12b-it-qat,mlx,metal,1,int4,21.0,100.0,120.51252216387596,0.1742560915998183,32.82783714829124,3.0461953498015646
