name,framework,backend,batch_size,dtype,num_prompt_tokens,num_generated_tokens,prompt_tps,prompt_time_sec,generation_tps,generation_time_sec,peak_memory_gib
Deepseek-R1-Distill-7B,lmstudio,mlx,1,int4,4096,99.0,501.8132035170924,8.150666666666668,52.05961924376595,1.9016666666666666,0.9271189371744791
Deepseek-R1-Distill-7B,lmstudio,mlx,1,int4,1024,99.0,517.9784096096645,1.9653333333333334,55.639694810369996,1.7793061224489797,1.0464274088541667
Deepseek-R1-Distill-7B,lmstudio,mlx,1,int4,256,99.0,482.63027914190707,0.518,56.91056910569106,1.7395714285714285,1.049346923828125
Deepseek-R1-Distill-7B,lmstudio,mlx,1,int4,64,99.0,321.6419624240853,0.18033333333333332,57.82710280373832,1.712,1.0510406494140625
Deepseek-R1-0528_Qwen3-8B,lmstudio,mlx,1,int4,4096,99.0,427.4303243476627,9.569,46.048598765657204,2.149952380952381,5.43927001953125
Deepseek-R1-0528_Qwen3-8B,lmstudio,mlx,1,int4,1024,99.0,448.52403168803295,2.2696666666666667,51.62524212591037,1.9176666666666666,5.439544677734375
Deepseek-R1-0528_Qwen3-8B,lmstudio,mlx,1,int4,256,99.0,418.9946750905909,0.5966666666666667,53.20673935275866,1.8606666666666667,5.440348307291667
Deepseek-R1-0528_Qwen3-8B,lmstudio,mlx,1,int4,64,99.0,286.72328256259385,0.20233333333333334,53.40336718446972,1.8538605442176872,5.440348307291667
