name,framework,backend,batch_size,dtype,num_prompt_tokens,num_generated_tokens,prompt_tps,prompt_time_sec,generation_tps,generation_time_sec
qwen-2.5-3b-it,mlx,metal,1,int8,4923.0,100.0,1081.7118814737184,4.551119908402325,61.979371860878224,1.6134476750012254
qwen-2.5-3b-it,mlx,metal,1,int8,2423.0,100.0,1141.7549069409904,2.122172349994071,64.25710606887647,1.5562525415996789
qwen-2.5-3b-it,mlx,metal,1,int8,423.0,100.0,983.1743103885959,0.4303060334001202,68.44082418605451,1.4611192415992265
qwen-2.5-3b-it,mlx,metal,1,int8,34.0,100.0,414.72408074658915,0.08200718319567386,70.38886138722079,1.4206793749995996
qwen-2.5-coder-3b-it,mlx,metal,1,int8,4923.0,100.0,1082.7844560671426,4.546611916401889,62.07444791285271,1.610972891599522
qwen-2.5-coder-3b-it,mlx,metal,1,int8,2423.0,100.0,1142.5734972006126,2.120655083199381,64.43676403763787,1.5519093912036623
qwen-2.5-coder-3b-it,mlx,metal,1,int8,423.0,100.0,990.6918517690905,0.42697440860210917,68.52655927153992,1.4592882752040168
qwen-2.5-coder-3b-it,mlx,metal,1,int8,34.0,100.0,411.7193432780882,0.08259036660019774,70.35206638380154,1.4214232166006695
