name,framework,backend,batch_size,dtype,num_prompt_tokens,num_generated_tokens,prompt_tps,prompt_time_sec,generation_tps,generation_time_sec
gemma-3-1b-it,mlx,metal,1,int8,4910.0,100.0,3475.9689052669614,1.4125599918013905,152.08503880077768,0.6575397917971714
gemma-3-1b-it,mlx,metal,1,int8,2410.0,100.0,3488.2375644346853,0.6909798495995346,151.99596578125528,0.657921891802107
gemma-3-1b-it,mlx,metal,1,int8,410.0,100.0,2688.3275098667996,0.15251220860227477,155.3812242331996,0.6435785831970862
gemma-3-1b-it,mlx,metal,1,int8,21.0,100.0,846.5927353855197,0.024806566600454973,160.48820163896386,0.6231001498003025
gemma-3-4b-it,mlx,metal,1,int8,4910.0,100.0,834.9284008055726,5.880908841601922,49.6202708679445,2.0154552082007284
gemma-3-4b-it,mlx,metal,1,int8,2410.0,100.0,854.0783380420382,2.821756833200925,50.38925155701658,1.984558908600593
gemma-3-4b-it,mlx,metal,1,int8,410.0,100.0,730.5280594146575,0.5612429749977309,51.93628690578716,1.9254423417965882
gemma-3-4b-it,mlx,metal,1,int8,21.0,100.0,282.93661646624435,0.07426365019928198,52.631542428786645,1.900054008400184
