name,framework,backend,batch_size,num_prompt_tokens,num_generated_tokens,prompt_tps,prompt_time_sec,generation_tps,generation_time_sec
qwen-2.5-coder-3b-it,torch,mps,1,4923.0,34.0,1026.03074780228,4.7982542,8.690612632157805,3.913121000000001
qwen-2.5-coder-3b-it,torch,mps,1,2423.0,100.0,1257.1696276712905,1.9273956,14.83725151074402,6.739898200000001
qwen-2.5-coder-3b-it,torch,mps,1,423.0,100.0,1636.7738050934452,0.2584362,23.66102755554761,4.2268023999999995
qwen-2.5-coder-3b-it,torch,mps,1,34.0,100.0,754.6211776262959,0.045058,25.489524482458012,3.9238196000000003
qwen-2.5-coder-3b-it,mlx,metal,1,4923.0,34.0,1115.451404169252,4.413496275205398,36.56175214904681,0.9299878999998328
qwen-2.5-coder-3b-it,mlx,metal,1,2423.0,100.0,1175.1091579853166,2.0619582418032225,36.66018445195462,2.7278006584034302
qwen-2.5-coder-3b-it,mlx,metal,1,423.0,100.0,982.5947161282695,0.43049513319856486,37.882807678653364,2.6397349001985275
qwen-2.5-coder-3b-it,mlx,metal,1,34.0,100.0,286.92313765446346,0.11851143340754788,38.57673593912877,2.592287941399263
